"First.name","Surname","ID.number"
"Erfaab","Meleian","8209037"
"Riaeiaa","Galaoh","0005488"
"Mvegamg","Aeai","5256885"
"Konns","Jonaysao","3577138"
"Riio","Menn","8160518"
"Kci","Dmrina","0935486"
"Retaer","Crecrybne","2029864"
"Seana","Danraonaar","4519492"
"Garhi","Nietgl","3267467"
"Jycaaame","Ztatlau","5493827"
"Mvbn","Cgmn","2499962"
"Prhhr","Mua","3104486"
"Aiioaaecrae","Feal","9674727"
"Surode","Ntmqvcc","4097114"
"Rensa","Jolu","3079221"
"Kanlecv","Ahaehh","7331477"
"Mmbie","Bhnona","0382761"
"Ceioaah","Lreq","3816494"
"Bgnoish","Lasir","8965065"
"Gaaunr","Arect","7622003"
"Cbtt","Symutaiie","0577447"
"Binri","Lbsdaa","3560742"
"Hvsa","Nrmdeya","7452112"
"Khin","Encgdii","5193577"
"Artdellt","Seaady","5904107"
"Lrayanyv","Lblnapnh","7907923"
"Coveen","Jm","7727916"
"Knni","Ase","0349419"
"Kaacna","Yeek","1703950"
"Jntlrt","Iriahadis","2463068"
"Brga","Cyaoness","7970037"
"Snyyhlyen","Zivnit","1704014"
"Jitato","Zshslil","4950241"
"Anml","Armaopihnaeyl","4161092"
"Zrea","Baiaee","8566470"
"Fiii","Sbnnne","9409964"
"Cayaela","Carn","0525562"
"Eadllna","Aoen","8579349"
"Slitrd","Rointrngglea","7426811"
"Ctaolsa","Raoasn","7305926"
"Cgresi","Ceia","3452854"
"Ranuo","Kynaaai","0269726"
"Jgoanle","Kalnosailr","8802413"
"Jira","Tnqlua","2140947"
"Fdanhph","Ttstian","3844657"
"Rarhonac","Kais","4046075"
"Ptla","Rlysoxsa","7231756"
"Rlularn","Jnleoemo","3034721"
"Dgrys","Nnerl","9584784"
"Yanidaln","Enihevna","9537456"
"Jlhaogo","Llcma","6993141"
"Pyau","Murgee","2491640"
"Koaoa","Mneannl","3129833"
"Mtne","Maaeaa","0462757"
"Aaei","Joeolan","6685565"
"Dpnaag","Henrabe","9383069"
"Lorar","Mmannl","1284477"
"Tinas","Gponuai","2209154"
"Locntoana","Jruaaaclier","9634699"
"Lsnrsivaagraoiar","Mrlco","6250410"
"Ceaea","Aesea","4868283"
"Ptoree","Louaciae","1479904"
"Kkrhln","Jnaltntone","0985400"
"Iearai","Pena","5232571"
"Lna","Vinoalibnl","0989397"
"Drnuisa","Nou","6785240"
"Itiieynmt","Srnala","1344647"
"Acish","Oeraiiyvt","0199830"
"Sihnmr","Cipic","1351884"
"Lrchu","Srhianen","0287616"
"Hriks","Meiyupia","5624709"
"Lyaialo","Mulrt","1878215"
"Maiere","Dnlbnaigia","8444882"
"Fiyaad","Fhvn","4243474"
"Jmhan","Oyrlibe","4196998"
"Faur","Zismset","4431861"
"Rsany","Ta","0857068"
"Nbvtgy","Knans","4409798"
"Dzhilai","Cmnhaupos","6473169"
"Ghnrth","Svu","5863505"
"Aaeloc","Jagreaaia","4904643"
"Aiani","Braem","8534176"
"Maiaa","Moaegaian","5347300"
"Ansalt","Lntauaa","6660715"
"Ecalaone","Latlearda","0044410"
"Aiaia","Lglrauas","2988938"
"Ratsni","Soaeau","1287662"
"Rian","Aarinsaao","8014494"
"Kaur","Bedaa","6783907"
"Ja","Jreyel","9275175"
"Elvciri","Rchiicn","8203914"
"Jarhaa","Area","4852737"
"Modari","Axyemnnt","1794294"
"Gaixob","Yozaae","1235866"
"Tonib","Mm","4570642"
"Maat","Gtrvihl","6354221"
"Viur","Rnhaka","8981134"
"Riiii","Nimnl","4583263"
"Haee","Mstie","3031489"
"Cayt","Lholunla","8757264"
"Avieena","Menhheelne","2508692"
"Boyn","Hlkarneik","2655152"
"Ciih","Chsi","4940472"
"Srhtoaa","Dadbniha","5865191"
"Jci","Dyaheelrnofir","4052017"
"Arvhhv","Hronan","5113669"
"Anist","Fcoaeaa","0576198"
"Kentv","Lmsaecaeelael","7710490"
"Seion","Siaseiao","8950022"
"Aaabo","Trraali","1040520"
"Zeeair","Fanagay","1316976"
"Mark","Ghlinein","5729152"
"Raeaeiikl","Vnrysh","6409021"
"Onhd","Keati","6278296"
"Jlrer","Toimi","7016959"
"Plerf","Lmaamua","7995558"
"Aoyaae","Jhimbal","8834540"
"Ciroea","Nicvrnae","0166464"
"Ntlho","Estdin","7711408"
"Sylann","Rchlnuit","7254708"
"Almrgdghnb","Caoinetle","0742828"
"Aleiyinu","Kheahr","7807105"
"Ltahhaie","Dano","6800308"
"Hnchlk","Jkemd","4112706"
"Yviirh","Malcssl","2868560"
"Rynoiskmh","Ci","3950428"
"Dtdev","Raea","5021359"
"Ssnteas","Jnlyrihp","7755158"
"Knute","Asornhor","5430839"
"Knng","Freyimi","4656231"
"Nloy","Dnhnivnr","5438423"
"Rhoehcali","Krayi","1137077"
"Aoas","Aiaahihl","3616567"
"Tneatalorg","Rnstlbie","9533479"
"Tharp","Aesaa","5902862"
"Sscnikl","Aollyei","9339648"
"Neylpat","Mruoenl","5546917"
"Acri","Agilrhq","6950139"
"Dl","Hkslor","6473214"
"Ryehlno","Lah","2688941"
"Riajla","Yabriyii","5307341"
"Atatay","Atataaa","6167263"
"Kcan","Siipiiha","9007054"
"Etmzam","Rie","0836315"
"Parcihay","Anepaats","2277628"
"Hisiarwchn","Leafona","3999161"
"Lshm","Mannn","7060067"
"Daivsnr","Jmaoavrn","9980844"
"Doadf","Miiornae","3325453"
"Eunk","Jlreadh","1878295"
"Cabna","Maraim","4616866"
"Aacni","Arnb","7990279"
"Ntbeae","Peiasnodn","4515759"
"Prucnn","Reatsoraibneir","8601450"
"Ahotaie","Mamhaaj","7778951"
"Seuaa","Sabllath","5677533"
"Liesebo","Heth","2643952"
"Jiacr","Rscnqronvuesaa","6875458"
"Mlag","Iitaa","2321146"
"Renm","Kinkeln","6715166"
"Dbsal","Mllveliaa","1790402"
"Hdmrcl","Lslynh","7441167"
"Kmtnm","Snaeaieyi","9044173"
"Kairaiiio","Srnl","8832687"
"Aaaryli","Bibrii","9828087"
"Siaco","Caa","8641983"
"Dcndyin","Sillilnoia","5906642"
"Rehila","Dhlreeaar","9263751"
"Huukrt","Irijae","6379499"
"Ketslmaig","Aagivslx","3253453"
"Kna","Snwailn","6111694"
"Cnoervhs","Reahiily","1076591"
"Mabat","Zbdiumipa","9852403"
"Brinn","Saveld","2363570"
"Vaocg","Vlnanau","4179655"
"Hesv","Slnacna","0937011"
"Cnthra","Paaain","4220295"
"Dsb","Cyrnaoo","2149722"
"Kkvnbi","Larjeood","7363652"
"Aernhg","Itrithsin","9899691"
"Kirejaoa","Frlisur","5150325"
"Koveaaa","Hrr","1152161"
"Hnlm","Lmu","4681177"
"Iirh","Saeea","6714031"
"Jaayeo","Aainwais","1931120"
"Stcaioae","Zahlsrioola","6892460"
"Cxvh","Sacadlle","8221524"
"Jmae","Ellteneiasna","2806416"
"Lelhaht","Fniuyln","0986858"
"Rnlnbh","Knasaiuvl","9077742"
"Siir","Kaasha","0166627"
"Fienmns","Jietmn","9301996"
"Krhuela","Rbs","4344063"
"Mecyh","Cnaasrhna","5231084"
"Iealrg","Donutua","9859741"
"Dhlenrm","Cnago","6100885"
"Atuhai","Gnelirba","7851023"
"Mteeiue","Sjaessncu","2846802"
"Mfnorlui","Mneu","9047587"
"Svntic","Eiiimho","2185712"
"Tnisrailh","Etaaalear","1979350"
"Raouoln","Snemeayinsv","1138319"
"Lrhnnm","Senyua","8701349"
"Vahogeor","Laacreiro","1225726"
"Gilaiieroch","Baabaasa","9588606"
"Sryecya","Lraie","2179450"
"Sshln","Retana","5652410"
"Msntczi","Lreiaa","8727980"
"Aisyiy","Caanl","6046253"
"Aealt","Srekb","4399177"
"Furaoagy","Maatlyhncyno","0931758"
"Dayrrr","Shunndy","8523632"
"Nrvangi","Meteiioaoae","1272122"
"Lyal","Htstg","2865513"
"Aeanla","Hmsemal","0465265"
"Ornne","Doimi","8457513"
"Xairuyy","Lderri","0767234"
"Jagye","Zlho","4816082"
"Che","Aeinre","4330258"
"Jlnii","Aemnau","7848213"
"Fnr","Jhnlin","4569625"
"Knsereea","Soasraoaloemn","6749454"
"Ramek","Maiel","9838943"
"Auaiiiaaa","Lvklyaah","2197609"
"Coias","Krtigaarha","9600709"
"Enlimaua","Jalr","5830952"
"Baaitih","Kecapm","5177547"
"Luiais","Hcaiaun","8212480"
"Maoseni","Vininlha","3699660"
"Lnaisaauo","Ydlcu","6147194"
"Mtancii","Snlini","6695000"
"Wurgacarc","Nihesiiaoihtbnrim","3333257"
"Nnnel","Sntaeentna","3631509"
"Jae","Charpae","4355832"
"Jnnhaa","Hicuhakc","8134110"
"Vena","Clailaa","7400241"
"Srnena","Jlanhaii","9128284"
"Maaearc","Naetsi","0399671"
"Sqnsere","Kalrevv","9985446"
"Gralo","Caniaitl","9347467"
"Jitaivb","Caailona","7883689"
"Roruai","Iiilaan","2407967"
"Imdt","Dmgisu","7106051"
"Auucuisrnn","Cmhaotegsjpr","7196304"
"Setinygab","Serihiena","9263384"
"Mmcvhtetrir","La","8201225"
"Laiin","Kdnain","2625270"
"Lryvnan","Znktah","1760498"
"Nmaerae","Mealpmnm","1751378"
"Eyehnai","Kiohm","5966663"
"Oihuraan","Nriiia","4487697"
"Raao","Ai","4429147"
"Staa","Ansie","9513341"
"Auchttsnn","Dcuui","5443530"
"Rvnani","Rhu","4463680"
"Ziierraa","Jeaaoi","4357915"
"Htniln","Kdeoar","6083330"
"Neaeap","Tdaare","4708261"
"Joysa","Aiiaunts","2911236"
"Knitphi","Saaanbs","3762255"
"Pdieae","Vaninia","1034940"
"Dedriinyea","Nnaleriakr","7152182"
"Kltits","Rnaeaals","2530936"
"Mhsrwsoet","Ltiiot","8157530"
"Haienlral","Macninhp","3793011"
"Krnejco","Dalolnti","2932301"
"Rooave","Nntoetoc","5535405"
"Lrdi","Aayarh","3194118"
"Tsptayae","Rbrrhbanr","2814240"
"Tleurie","Siedbaan","7342142"
"Jananciaot","Ryrn","1949199"
"Sildani","Potalsa","4483375"
"Sljg","Avbdacecviuoeoyoao","5430906"
"Scolipm","Aiaa","5500386"
"Greye","Jacljo","3962061"
"Laanigilo","Mno","9154487"
"Keaamnl","Szea","1424105"
"Ltlshny","Daaayiio","9583788"
"Crlo","Apianaala","8146203"
"Mein","Yeanfat","8003808"
"Mrein","Vrtaainae","8947550"
"Hirluen","Ysnalvs","5259733"
"Tltsu","Ccethev","7649335"
"Dthdh","Myerhrnteaj","8557320"
"Jartia","Jahahara","4567756"
"Dsaaohrn","Snaagnan","6262997"
"Aaeaibt","Haaoaaee","6707540"
"Doe","Kice","7401738"
"Melro","Nyninss","1207505"
"Eiroen","Cdldrmn","9998781"
"Bninj","Amnustnaeenso","9262213"
"Rlnta","Ccetioai","1768251"
"Earran","Niinimaypbe","8666085"
"Koanion","Ralyr","7137006"
"Hligcli","Gahei","1451457"
"Cidl","Snor","4983006"
"Topcta","Syatscae","2316820"
"Soaennav","Himeoalynaan","7851507"
"Raihrn","Debseari","5668743"
"Javro","Klchant","7660694"
"Dlaaua","Airaal","3516353"
"Nyaannuo","Srnnet","2852169"
"Jcarhaenx","Maiinniv","5705749"
"Acaly","Dasloa","0076054"
"Ar","Csvl","6542789"
"Nnna","Enneena","6643695"
"Jtue","Amida","6050083"
"Noaanbg","Sltriadimeliat","4658396"
"Yreiee","Eauvo","8462531"
"Taoe","Yaau","2909567"
"Rciisro","Kooon","4500459"
"Ahoia","Seduvaalu","5148369"
"Sia","Ratyla","4271586"
"Lvdlo","Baeanaein","2476066"
"Apeygralo","Neaiaaaaan","3945603"
"Prr","Kaenbah","0060372"
"Rhol","Milum","6055271"
"Miaaerm","Lioariair","8179007"
"Znle","Haenrh","8358096"
"Nnhaa","Etnae","4753606"
"Woeun","Hgnar","8441716"
"Heletan","Bluriuar","7112304"
"Earxlg","Jlagnna","9373190"
"Anadaay","Aagenayaa","7301109"
"Diarbem","Jihia","7521536"
"Smet","Kinyae","0678538"
"Mnaen","Fpmssrnhe","4636760"
"Jegnoe","Jnioaycann","3577665"
"Hlereaelolimi","Srtae","2435759"
"Miosi","Pnikiensurh","4156380"
"Riyra","Rhaheol","4022995"
"Kneyi","Rmeacivr","7309344"
"Kdlm","Aanap","8442070"
"Ntsaa","Entrotiananat","3292901"
"Enelx","Fhnadinniapaeh","5198358"
"Eiht","Cavda","5768178"
"Rheit","Ieielaiy","3770442"
"Jaaofi","Doole","9697661"
"Armo","Seaol","3024684"
"Anlatio","Hpnkiap","0635035"
"Nndaio","Deiapnnhea","2865310"
"Tnkaanaji","Anmoaii","5726918"
"Lynrvbataiirgaii","Ssmyorl","4384080"
"Aantau","Ecvoana","6366657"
"Higf","Mrltnllc","3158451"
"Seni","Eiainn","5028877"
"Ztlc","Mha","6712128"
"Zabol","Leii","4304141"
"Rryaiixr","Aaoed","6641419"
"Ris","Kasvs","2048746"
"Astaru","Rirha","0131260"
"Dlahial","Jgeiiicm","5658087"
"Pjrnac","Dsinr","0986030"
"Amdbayem","Rceztinh","6620931"
"Aanefbar","Remnayr","1892173"
"Ahav","Hmaimani","3016752"
"Ceaiaaea","Dhanulao","3385389"
"Hooocie","Sisiali","9030306"
"Kglaee","Rlserenr","5844050"
"Bhaoa","Moanrolo","5054384"
"Aiebrala","Chmmmnuay","3979423"
"Smazad","Areyaky","9131632"
"Cacahyvh","Loaoanran","5789827"
"Tadlnrrl","Al","5914614"
"Ctnuh","Ktagi","9762737"
"Mgircal","Rasoo","1622453"
"Lienea","Joeii","0603463"
"Kngetaa","Rhcaaai","1673912"
"Mipaamt","Aauamanarhetnirysn","1559836"
"Laari","Siynafi","8631204"
"Roalanvhroa","Zasneah","9358430"
"Eaaimt","Lviaaaa","7436110"
"Mirad","Anaeynrcu","8176665"
"Mtahicot","Eenart","9004165"
"Naeevcn","Bnkg","1782729"
"Lcroyod","Asnu","6358940"
"Rjhcjla","Aaahojio","5500567"
"Srruh","Kinarnl","2074105"
"Ctnnna","Ladaqna","5226710"
"Galvta","Ainnr","1995299"
"Hena","Aaiian","9309921"
"Aoagr","Sansyia","1965913"
"Aeln","Piae","8547205"
"Dhvn","Artg","6932642"
"Mtrr","Atluaa","8965363"
"Lor","Dc","9961995"
"Raais","Fcteie","2994348"
"Aaaaaet","Su","2440367"
"Atc","Aaoaianabn","9389095"
"Naiyl","Laju","1158548"
"Eaeloae","Sldeeshc","7639517"
"Iiaadl","Hbn","7730174"
"Crielnnthi","Shpscirhvtnu","7701069"
"Rtlrtnai","Aaeaneaa","5863901"
"Lleia","Eelteetmnm","7576644"
"Iesiaht","Lreaanoao","5376030"
"Sonhp","Rnvi","9689182"
"Nareha","Hnnypi","2195951"
"Jveaut","Ciirna","4136390"
"Sdme","Nimla","4419756"
"Sncyntel","Hinealrb","0669470"
"Seiratr","Apasrear","6402953"
"Gofoma","Dinarnaabia","5427964"
"Kidanr","Keiayn","7549989"
"Jrau","Iaae","4373582"
"Eeangrial","Kaama","3758192"
"Lnarja","Aatar","2469681"
"Yieilse","Jhenhiw","7208383"
"Krnir","Noyand","7138452"
"Lnnaoeglae","Ydpnavnrate","0297391"
"Lneee","Sennilnnni","5443577"
"Meamaa","Janeeoan","8002053"
"Dinnmn","Maan","1327352"
"Eanniayia","Mnliahasn","8804649"
"Flyhia","Paoonc","4581898"
"Ahiakpyavaea","Eahel","3916223"
"Vanata","Ikeareyct","7863907"
"Kgip","Anclin","0452279"
"Laocesoii","Kaaao","2698787"
"Iebe","Tiolha","4052294"
"Riap","Sosniats","1632941"
"Drnar","Diohyatldnimh","8989018"
"Iara","Sbdsceilgeaa","4476375"
"Cril","Eahpyye","9485428"
"Medi","Scnampnl","9025495"
"Ereha","Jawdha","0214484"
"Kltni","Sldleieemalnlt","5080150"
"Msyie","Jan","0525500"
"Sslkah","Raiteca","8675954"
"Clsnevu","Ndtalriil","1427884"
"Fane","Ctiir","2400509"
"Gocvnn","Sniogn","9089431"
"Portn","Rotraarnca","9002751"
